MODELO,DIM,RMSE
MLP,DIA,0.34148454666137695
MLP,HORA,0.09190019220113754
GRU,DIA,0.17252682149410248
GRU,HORA,0.04889822378754616
