MODELO,DIM,RMSE
MLP,HORAS,0.07673943787813187
MLP,DIAS,0.0763830840587616
